{"last_download_success": 1682372473.2371116, "unseen_downloads": [], "last_download_failure": 1682372359.1118567}