{"last_download_success": 1659402872.8694506, "last_download_failure": 1659402873.8729212}