{"last_download_success": 1659402790.4595208, "last_download_failure": 1659402851.792514, "unseen_downloads": []}