{"last_download_failure": 1677065634.8213317, "last_download_success": 1677065466.4893675, "unseen_downloads": []}