{"last_download_success": 1696693363.1468794, "unseen_downloads": [], "last_download_failure": 1696694767.157815}