{"last_download_success": 1694175672.3865943, "unseen_downloads": [], "last_download_failure": 1694176013.9715827}