{"last_download_success": 1679707034.167537, "unseen_downloads": [], "last_download_failure": 1679708370.3274364}