{"last_download_failure": 1695862220.2913532, "last_download_success": 1695860701.976735, "unseen_downloads": []}