{"last_download_success": 1659402836.3868444, "last_download_failure": 1659402837.3920236}